PRIMARY_TYPE,AGE,SEX,RACE,DOMESTIC_I,NUMBER_OF_VICTIMS
CRIMINAL SEXUAL ASSAULT,20 - 29,M,WHI,TRUE,5
NON-FATAL SHOOTING,80+,M,BLK,FALSE,4
VEHICULAR HIJACKING,20 - 29,M,U,FALSE,13
ROBBERY,70 - 79,F,WWH,FALSE,41
CRIMINAL SEXUAL ASSAULT,70 - 79,F,WWH,FALSE,4
CRIMINAL SEXUAL ASSAULT,60 - 69,F,WWH,TRUE,7
NON-FATAL SHOOTING,0 - 19,M,BLK,FALSE,1083
AGGRAVATED BATTERY,60 - 69,M,U,FALSE,7
FATAL SHOOTING,20 - 29,M,WWH,FALSE,189
CRIMINAL SEXUAL ASSAULT,0 - 19,M,BLK,FALSE,15
AGGRAVATED BATTERY,50 - 59,M,,FALSE,31
ROBBERY,80+,M,WHI,FALSE,36
NON-FATAL SHOOTING,0 - 19,M,BLK,FALSE,1213
CRIMINAL SEXUAL ASSAULT,0 - 19,M,WHI,FALSE,5
NON-FATAL SHOOTING,0 - 19,M,WBH,FALSE,7
VEHICULAR HIJACKING,40 - 49,M,U,FALSE,15
AGGRAVATED BATTERY,50 - 59,F,API,TRUE,5
VEHICULAR HIJACKING,0 - 19,,,FALSE,10
NON-FATAL SHOOTING,60 - 69,M,WWH,FALSE,18
ROBBERY,0 - 19,M,BLK,FALSE,1430
AGGRAVATED BATTERY,30 - 39,M,,FALSE,47
AGGRAVATED ASSAULT,0 - 19,F,,FALSE,4
FATAL SHOOTING,0 - 19,M,BLK,FALSE,183
NON-FATAL SHOOTING,,M,BLK,FALSE,12
NON-SHOOTING HOMICIDE,70 - 79,M,BLK,FALSE,7
AGGRAVATED BATTERY,0 - 19,M,,FALSE,32
AGGRAVATED BATTERY,0 - 19,F,BLK,TRUE,144
ROBBERY,40 - 49,M,U,FALSE,64
ROBBERY,,,,FALSE,2654
AGGRAVATED ASSAULT,40 - 49,F,,TRUE,16
VEHICULAR HIJACKING,30 - 39,F,BLK,TRUE,10
CRIMINAL SEXUAL ASSAULT,50 - 59,F,U,FALSE,8
ROBBERY,,F,WWH,FALSE,7
NON-FATAL SHOOTING,20 - 29,F,WBH,FALSE,5
VEHICULAR HIJACKING,20 - 29,M,API,FALSE,69
AGGRAVATED ASSAULT,0 - 19,M,BLK,TRUE,45
VEHICULAR HIJACKING,50 - 59,F,API,FALSE,13
ROBBERY,0 - 19,F,WWH,FALSE,117
CRIMINAL SEXUAL ASSAULT,20 - 29,M,WWH,TRUE,4
ROBBERY,0 - 19,M,BLK,TRUE,10
AGGRAVATED ASSAULT,30 - 39,,,TRUE,8
NON-SHOOTING HOMICIDE,60 - 69,M,BLK,TRUE,4
ROBBERY,30 - 39,M,BLK,TRUE,55
AGGRAVATED BATTERY,50 - 59,F,,FALSE,9
NON-FATAL SHOOTING,50 - 59,M,BLK,FALSE,311
AGGRAVATED BATTERY,0 - 19,M,WWH,FALSE,197
AGGRAVATED ASSAULT,30 - 39,F,BLK,TRUE,1240
AGGRAVATED BATTERY,70 - 79,M,API,FALSE,10
AGGRAVATED BATTERY,20 - 29,F,,TRUE,42
NON-FATAL SHOOTING,20 - 29,M,BLK,FALSE,4989
ROBBERY,60 - 69,F,BLK,FALSE,396
CRIMINAL SEXUAL ASSAULT,0 - 19,F,WHI,FALSE,50
NON-FATAL SHOOTING,20 - 29,F,BLK,TRUE,48
AGGRAVATED ASSAULT,20 - 29,F,U,TRUE,12
AGGRAVATED BATTERY,20 - 29,F,BLK,TRUE,2956
AGGRAVATED BATTERY,60 - 69,F,,FALSE,7
AGGRAVATED ASSAULT,50 - 59,F,,FALSE,17
CRIMINAL SEXUAL ASSAULT,30 - 39,M,BLK,TRUE,9
ROBBERY,0 - 19,F,BLK,TRUE,19
ROBBERY,40 - 49,M,WWH,TRUE,7
ROBBERY,60 - 69,M,,FALSE,35
CRIMINAL SEXUAL ASSAULT,70 - 79,F,WHI,FALSE,14
CRIMINAL SEXUAL ASSAULT,50 - 59,M,WHI,TRUE,4
FATAL SHOOTING,20 - 29,F,BLK,FALSE,78
ROBBERY,40 - 49,F,U,FALSE,9
AGGRAVATED BATTERY,70 - 79,F,API,FALSE,7
AGGRAVATED BATTERY,60 - 69,M,WWH,FALSE,127
ROBBERY,50 - 59,M,I,FALSE,14
CRIMINAL SEXUAL ASSAULT,,,,FALSE,21
AGGRAVATED ASSAULT,0 - 19,F,WHI,FALSE,15
AGGRAVATED BATTERY,70 - 79,F,WWH,FALSE,11
CRIMINAL SEXUAL ASSAULT,30 - 39,F,U,FALSE,20
NON-SHOOTING HOMICIDE,60 - 69,M,WWH,FALSE,6
AGGRAVATED BATTERY,60 - 69,F,API,FALSE,4
AGGRAVATED ASSAULT,20 - 29,F,BLK,TRUE,1834
VEHICULAR HIJACKING,30 - 39,M,WHI,FALSE,141
AGGRAVATED BATTERY,60 - 69,M,WBH,FALSE,4
ROBBERY,50 - 59,M,,FALSE,72
ROBBERY,30 - 39,M,I,FALSE,41
AGGRAVATED BATTERY,,M,BLK,FALSE,10
AGGRAVATED BATTERY,20 - 29,F,WBH,FALSE,16
NON-FATAL SHOOTING,60 - 69,F,WHI,FALSE,4
ROBBERY,50 - 59,M,WBH,FALSE,33
AGGRAVATED ASSAULT,0 - 19,M,WWH,FALSE,133
NON-SHOOTING HOMICIDE,60 - 69,M,WHI,FALSE,4
AGGRAVATED BATTERY,0 - 19,M,BLK,TRUE,323
VEHICULAR HIJACKING,0 - 19,M,WWH,FALSE,19
VEHICULAR HIJACKING,60 - 69,M,API,FALSE,10
AGGRAVATED BATTERY,20 - 29,M,,TRUE,22
AGGRAVATED BATTERY,,,,TRUE,1058
CRIMINAL SEXUAL ASSAULT,0 - 19,F,WWH,FALSE,48
AGGRAVATED ASSAULT,40 - 49,M,WWH,TRUE,110
FATAL SHOOTING,50 - 59,F,BLK,TRUE,4
ROBBERY,30 - 39,F,U,FALSE,31
AGGRAVATED ASSAULT,40 - 49,M,BLK,TRUE,434
ROBBERY,60 - 69,,,FALSE,13
CRIMINAL SEXUAL ASSAULT,40 - 49,M,WHI,FALSE,17
ROBBERY,30 - 39,F,,FALSE,71
CRIMINAL SEXUAL ASSAULT,0 - 19,M,WHI,TRUE,25
AGGRAVATED BATTERY,40 - 49,F,,TRUE,13
CRIMINAL SEXUAL ASSAULT,50 - 59,M,BLK,TRUE,4
AGGRAVATED BATTERY,20 - 29,F,API,FALSE,16
VEHICULAR HIJACKING,40 - 49,M,BLK,FALSE,365
CRIMINAL SEXUAL ASSAULT,0 - 19,M,WHI,FALSE,21
FATAL SHOOTING,30 - 39,M,WWH,FALSE,79
AGGRAVATED BATTERY,,M,BLK,TRUE,5
AGGRAVATED BATTERY,60 - 69,M,WHI,FALSE,159
FATAL SHOOTING,50 - 59,M,BLK,TRUE,5
VEHICULAR HIJACKING,30 - 39,,,FALSE,7
ROBBERY,30 - 39,M,WWH,FALSE,1944
AGGRAVATED BATTERY,80+,F,WWH,TRUE,8
AGGRAVATED ASSAULT,60 - 69,F,WWH,TRUE,17
CRIMINAL SEXUAL ASSAULT,0 - 19,F,BLK,TRUE,690
ROBBERY,40 - 49,X,BLK,FALSE,4
AGGRAVATED ASSAULT,50 - 59,M,API,FALSE,33
AGGRAVATED BATTERY,30 - 39,M,WWH,TRUE,187
AGGRAVATED ASSAULT,0 - 19,,U,FALSE,8
AGGRAVATED ASSAULT,50 - 59,M,U,FALSE,21
ROBBERY,50 - 59,M,BLK,TRUE,48
ROBBERY,20 - 29,M,WHI,FALSE,2133
AGGRAVATED BATTERY,40 - 49,M,WBH,FALSE,21
AGGRAVATED ASSAULT,0 - 19,M,BLK,TRUE,171
NON-SHOOTING HOMICIDE,20 - 29,M,BLK,TRUE,15
VEHICULAR HIJACKING,40 - 49,M,WHI,FALSE,74
AGGRAVATED ASSAULT,50 - 59,,,FALSE,15
AGGRAVATED BATTERY,0 - 19,F,WHI,FALSE,20
AGGRAVATED BATTERY,50 - 59,M,BLK,FALSE,1038
AGGRAVATED ASSAULT,60 - 69,F,WHI,FALSE,31
NON-FATAL SHOOTING,50 - 59,M,WWH,FALSE,50
NON-FATAL SHOOTING,70 - 79,M,WWH,FALSE,6
CRIMINAL SEXUAL ASSAULT,30 - 39,F,WWH,TRUE,62
CRIMINAL SEXUAL ASSAULT,30 - 39,,,FALSE,4
AGGRAVATED ASSAULT,30 - 39,F,API,FALSE,16
AGGRAVATED BATTERY,20 - 29,F,U,TRUE,9
CRIMINAL SEXUAL ASSAULT,40 - 49,F,U,TRUE,4
AGGRAVATED ASSAULT,40 - 49,M,,TRUE,8
NON-FATAL SHOOTING,20 - 29,M,(NOT PROVIDED),FALSE,56
ROBBERY,0 - 19,M,WHI,FALSE,113
ROBBERY,80+,F,WWH,FALSE,11
FATAL SHOOTING,20 - 29,M,WBH,FALSE,10
CRIMINAL SEXUAL ASSAULT,50 - 59,F,BLK,FALSE,188
NON-FATAL SHOOTING,,,,TRUE,4
CRIMINAL SEXUAL ASSAULT,0 - 19,F,,FALSE,11
NON-FATAL SHOOTING,40 - 49,M,WBH,FALSE,5
AGGRAVATED ASSAULT,70 - 79,M,WHI,FALSE,22
AGGRAVATED BATTERY,40 - 49,,,TRUE,6
AGGRAVATED BATTERY,60 - 69,F,BLK,TRUE,165
AGGRAVATED BATTERY,20 - 29,,,TRUE,19
VEHICULAR HIJACKING,60 - 69,F,API,FALSE,8
AGGRAVATED BATTERY,20 - 29,M,BLK,TRUE,1498
VEHICULAR HIJACKING,40 - 49,M,WWH,FALSE,183
AGGRAVATED BATTERY,40 - 49,M,WHI,FALSE,274
AGGRAVATED ASSAULT,20 - 29,M,WWH,TRUE,133
CRIMINAL SEXUAL ASSAULT,30 - 39,F,BLK,FALSE,432
AGGRAVATED ASSAULT,,F,BLK,TRUE,5
CRIMINAL SEXUAL ASSAULT,30 - 39,M,WWH,FALSE,25
NON-FATAL SHOOTING,0 - 19,M,WHI,FALSE,17
NON-SHOOTING HOMICIDE,0 - 19,M,WWH,FALSE,4
AGGRAVATED ASSAULT,0 - 19,F,WWH,FALSE,264
AGGRAVATED BATTERY,20 - 29,F,API,TRUE,18
AGGRAVATED ASSAULT,,M,,FALSE,14
ROBBERY,0 - 19,X,,FALSE,5
NON-FATAL SHOOTING,0 - 19,F,BLK,TRUE,4
ROBBERY,30 - 39,,,FALSE,32
AGGRAVATED BATTERY,20 - 29,M,U,FALSE,27
HUMAN TRAFFICKING,0 - 19,M,BLK,FALSE,4
AGGRAVATED BATTERY,80+,M,WWH,FALSE,12
VEHICULAR HIJACKING,30 - 39,F,WHI,FALSE,98
AGGRAVATED BATTERY,0 - 19,,,FALSE,9
AGGRAVATED ASSAULT,60 - 69,F,API,FALSE,6
FATAL SHOOTING,60 - 69,M,BLK,FALSE,29
CRIMINAL SEXUAL ASSAULT,40 - 49,M,WWH,FALSE,7
NON-FATAL SHOOTING,,,,FALSE,180
AGGRAVATED BATTERY,40 - 49,M,BLK,FALSE,1090
AGGRAVATED ASSAULT,60 - 69,M,API,FALSE,12
VEHICULAR HIJACKING,40 - 49,F,WWH,FALSE,69
NON-FATAL SHOOTING,30 - 39,M,(NOT PROVIDED),FALSE,37
AGGRAVATED BATTERY,,M,WWH,FALSE,16
VEHICULAR HIJACKING,40 - 49,M,,FALSE,11
FATAL SHOOTING,40 - 49,F,BLK,FALSE,16
CRIMINAL SEXUAL ASSAULT,40 - 49,F,,TRUE,4
AGGRAVATED BATTERY,20 - 29,F,,FALSE,29
ROBBERY,80+,M,BLK,FALSE,98
FATAL SHOOTING,20 - 29,M,BLK,TRUE,18
AGGRAVATED ASSAULT,50 - 59,F,BLK,FALSE,563
ROBBERY,20 - 29,,BLK,FALSE,8
CRIMINAL SEXUAL ASSAULT,40 - 49,F,U,FALSE,5
AGGRAVATED ASSAULT,50 - 59,M,BLK,TRUE,338
ROBBERY,30 - 39,F,API,FALSE,135
ROBBERY,50 - 59,M,BLK,FALSE,2462
AGGRAVATED BATTERY,0 - 19,F,BLK,TRUE,359
AGGRAVATED BATTERY,40 - 49,F,U,TRUE,4
ROBBERY,50 - 59,M,WHI,FALSE,650
ROBBERY,30 - 39,F,I,FALSE,11
ROBBERY,20 - 29,M,WWH,FALSE,2386
ROBBERY,30 - 39,F,WHI,TRUE,13
VEHICULAR HIJACKING,20 - 29,F,BLK,TRUE,24
CRIMINAL SEXUAL ASSAULT,80+,F,WHI,FALSE,5
NON-SHOOTING HOMICIDE,20 - 29,M,BLK,FALSE,25
AGGRAVATED ASSAULT,,X,U,FALSE,8
AGGRAVATED ASSAULT,50 - 59,F,,TRUE,6
AGGRAVATED ASSAULT,20 - 29,F,BLK,FALSE,2197
ROBBERY,0 - 19,M,WWH,FALSE,269
AGGRAVATED ASSAULT,60 - 69,M,WHI,FALSE,119
ROBBERY,50 - 59,F,BLK,FALSE,866
CRIMINAL SEXUAL ASSAULT,0 - 19,M,,TRUE,6
VEHICULAR HIJACKING,60 - 69,M,WHI,FALSE,49
AGGRAVATED ASSAULT,30 - 39,X,BLK,FALSE,6
AGGRAVATED BATTERY,70 - 79,F,WHI,TRUE,27
FATAL SHOOTING,30 - 39,F,BLK,FALSE,31
NON-SHOOTING HOMICIDE,40 - 49,M,BLK,TRUE,13
NON-FATAL SHOOTING,20 - 29,F,(NOT PROVIDED),FALSE,15
NON-FATAL SHOOTING,,M,WWH,FALSE,4
NON-SHOOTING HOMICIDE,40 - 49,M,WWH,FALSE,10
ROBBERY,40 - 49,M,BLK,TRUE,40
AGGRAVATED ASSAULT,50 - 59,F,API,FALSE,10
AGGRAVATED BATTERY,40 - 49,M,,FALSE,30
AGGRAVATED ASSAULT,0 - 19,M,BLK,FALSE,848
CRIMINAL SEXUAL ASSAULT,0 - 19,F,API,FALSE,6
AGGRAVATED ASSAULT,40 - 49,F,,FALSE,23
VEHICULAR HIJACKING,0 - 19,F,BLK,FALSE,15
AGGRAVATED BATTERY,20 - 29,F,U,FALSE,12
VEHICULAR HIJACKING,50 - 59,F,,FALSE,8
AGGRAVATED ASSAULT,20 - 29,F,,FALSE,82
FATAL SHOOTING,50 - 59,M,WWH,FALSE,15
NON-SHOOTING HOMICIDE,0 - 19,F,BLK,TRUE,11
AGGRAVATED ASSAULT,30 - 39,F,BLK,FALSE,1565
NON-FATAL SHOOTING,0 - 19,M,(NOT PROVIDED),FALSE,22
AGGRAVATED ASSAULT,20 - 29,M,,FALSE,132
ROBBERY,0 - 19,F,API,FALSE,11
AGGRAVATED BATTERY,50 - 59,M,WBH,FALSE,18
VEHICULAR HIJACKING,50 - 59,M,WWH,FALSE,106
AGGRAVATED BATTERY,0 - 19,F,WBH,FALSE,9
ROBBERY,0 - 19,F,BLK,FALSE,215
AGGRAVATED BATTERY,0 - 19,F,API,FALSE,5
NON-SHOOTING HOMICIDE,30 - 39,M,BLK,FALSE,22
AGGRAVATED ASSAULT,20 - 29,F,WHI,TRUE,74
AGGRAVATED ASSAULT,20 - 29,F,WWH,TRUE,298
AGGRAVATED ASSAULT,50 - 59,F,WBH,TRUE,4
VEHICULAR HIJACKING,40 - 49,F,BLK,FALSE,212
ROBBERY,0 - 19,M,WBH,FALSE,33
AGGRAVATED ASSAULT,50 - 59,M,I,FALSE,5
CRIMINAL SEXUAL ASSAULT,20 - 29,F,U,FALSE,33
NON-SHOOTING HOMICIDE,30 - 39,M,BLK,TRUE,13
AGGRAVATED ASSAULT,20 - 29,F,WHI,FALSE,219
AGGRAVATED ASSAULT,30 - 39,M,BLK,TRUE,687
NON-SHOOTING HOMICIDE,50 - 59,M,BLK,TRUE,5
CRIMINAL SEXUAL ASSAULT,40 - 49,F,API,TRUE,4
ROBBERY,20 - 29,F,BLK,TRUE,310
AGGRAVATED BATTERY,60 - 69,M,WHI,TRUE,42
AGGRAVATED ASSAULT,20 - 29,,BLK,TRUE,4
AGGRAVATED ASSAULT,0 - 19,F,API,FALSE,6
AGGRAVATED ASSAULT,40 - 49,,,FALSE,32
AGGRAVATED ASSAULT,70 - 79,F,WWH,FALSE,10
AGGRAVATED ASSAULT,0 - 19,M,WHI,TRUE,5
VEHICULAR HIJACKING,20 - 29,F,U,FALSE,8
VEHICULAR HIJACKING,70 - 79,F,WHI,FALSE,8
FATAL SHOOTING,70 - 79,M,BLK,FALSE,7
AGGRAVATED ASSAULT,60 - 69,M,BLK,TRUE,161
AGGRAVATED ASSAULT,40 - 49,M,U,FALSE,58
AGGRAVATED ASSAULT,80+,M,WWH,FALSE,6
AGGRAVATED BATTERY,30 - 39,M,,TRUE,25
AGGRAVATED ASSAULT,0 - 19,F,API,TRUE,4
CRIMINAL SEXUAL ASSAULT,30 - 39,F,BLK,TRUE,149
FATAL SHOOTING,0 - 19,M,BLK,TRUE,4
FATAL SHOOTING,40 - 49,M,WWH,FALSE,39
AGGRAVATED ASSAULT,40 - 49,M,WWH,FALSE,641
AGGRAVATED BATTERY,70 - 79,F,BLK,FALSE,54
AGGRAVATED ASSAULT,20 - 29,M,API,TRUE,4
AGGRAVATED ASSAULT,20 - 29,F,,TRUE,29
AGGRAVATED BATTERY,30 - 39,F,WHI,FALSE,119
AGGRAVATED ASSAULT,40 - 49,F,API,FALSE,11
NON-FATAL SHOOTING,50 - 59,F,WHI,FALSE,5
AGGRAVATED BATTERY,0 - 19,F,,TRUE,15
NON-FATAL SHOOTING,60 - 69,F,BLK,FALSE,28
NON-FATAL SHOOTING,0 - 19,(NOT PROVIDED),(NOT PROVIDED),FALSE,8
VEHICULAR HIJACKING,30 - 39,F,BLK,FALSE,266
AGGRAVATED BATTERY,40 - 49,M,BLK,TRUE,761
AGGRAVATED ASSAULT,30 - 39,M,WHI,TRUE,54
NON-SHOOTING HOMICIDE,20 - 29,F,WWH,FALSE,5
AGGRAVATED ASSAULT,40 - 49,F,WBH,FALSE,4
ROBBERY,30 - 39,M,,FALSE,121
AGGRAVATED BATTERY,60 - 69,F,WWH,FALSE,28
AGGRAVATED ASSAULT,70 - 79,F,BLK,TRUE,41
ROBBERY,20 - 29,M,BLK,FALSE,4196
NON-FATAL SHOOTING,60 - 69,M,WHI,FALSE,6
ROBBERY,0 - 19,M,API,FALSE,45
FATAL SHOOTING,0 - 19,M,WWH,FALSE,48
FATAL SHOOTING,0 - 19,F,BLK,FALSE,15
AGGRAVATED ASSAULT,0 - 19,M,WBH,FALSE,17
ROBBERY,40 - 49,F,BLK,FALSE,986
AGGRAVATED BATTERY,20 - 29,,BLK,FALSE,4
AGGRAVATED ASSAULT,,M,BLK,FALSE,39
VEHICULAR HIJACKING,70 - 79,M,WWH,FALSE,10
NON-FATAL SHOOTING,30 - 39,M,API,FALSE,16
ROBBERY,60 - 69,M,U,FALSE,22
FATAL SHOOTING,30 - 39,M,BLK,FALSE,577
AGGRAVATED BATTERY,30 - 39,M,WBH,FALSE,33
NON-FATAL SHOOTING,20 - 29,M,WBH,FALSE,53
AGGRAVATED BATTERY,50 - 59,,,FALSE,10
VEHICULAR HIJACKING,30 - 39,M,I,FALSE,7
NON-FATAL SHOOTING,0 - 19,M,(NOT PROVIDED),FALSE,17
CRIMINAL SEXUAL ASSAULT,0 - 19,F,U,TRUE,30
AGGRAVATED ASSAULT,70 - 79,M,API,FALSE,5
ROBBERY,0 - 19,M,,FALSE,70
ROBBERY,40 - 49,F,API,FALSE,77
AGGRAVATED ASSAULT,80+,M,BLK,FALSE,16
AGGRAVATED BATTERY,0 - 19,M,WWH,TRUE,17
NON-FATAL SHOOTING,30 - 39,M,BLK,TRUE,30
FATAL SHOOTING,50 - 59,M,WHI,FALSE,11
FATAL SHOOTING,0 - 19,M,WHI,FALSE,5
VEHICULAR HIJACKING,,M,BLK,FALSE,9
NON-FATAL SHOOTING,30 - 39,F,BLK,FALSE,312
CRIMINAL SEXUAL ASSAULT,20 - 29,,,FALSE,4
AGGRAVATED ASSAULT,30 - 39,M,WHI,FALSE,594
VEHICULAR HIJACKING,20 - 29,M,BLK,FALSE,465
ROBBERY,20 - 29,X,BLK,FALSE,8
AGGRAVATED BATTERY,60 - 69,M,API,FALSE,21
AGGRAVATED ASSAULT,50 - 59,F,WHI,TRUE,23
VEHICULAR HIJACKING,0 - 19,M,,FALSE,9
NON-SHOOTING HOMICIDE,0 - 19,F,BLK,FALSE,8
AGGRAVATED BATTERY,80+,M,BLK,FALSE,24
CRIMINAL SEXUAL ASSAULT,0 - 19,X,U,FALSE,5
CRIMINAL SEXUAL ASSAULT,20 - 29,F,WWH,FALSE,348
AGGRAVATED BATTERY,0 - 19,M,,TRUE,10
AGGRAVATED BATTERY,40 - 49,M,WWH,TRUE,111
AGGRAVATED ASSAULT,0 - 19,M,WWH,TRUE,35
AGGRAVATED BATTERY,40 - 49,M,API,TRUE,5
AGGRAVATED BATTERY,,,,FALSE,866
ROBBERY,40 - 49,M,WWH,FALSE,1435
NON-FATAL SHOOTING,40 - 49,M,WWH,FALSE,151
AGGRAVATED BATTERY,60 - 69,M,,FALSE,17
ROBBERY,60 - 69,M,WBH,FALSE,18
AGGRAVATED ASSAULT,20 - 29,F,U,FALSE,20
AGGRAVATED ASSAULT,,,,FALSE,2608
ROBBERY,30 - 39,F,WWH,FALSE,648
AGGRAVATED ASSAULT,30 - 39,F,U,FALSE,28
AGGRAVATED BATTERY,0 - 19,M,WBH,FALSE,6
CRIMINAL SEXUAL ASSAULT,30 - 39,F,U,TRUE,4
ROBBERY,30 - 39,M,U,FALSE,93
ROBBERY,20 - 29,F,WWH,FALSE,1079
AGGRAVATED ASSAULT,0 - 19,F,WWH,TRUE,22
NON-FATAL SHOOTING,0 - 19,F,BLK,FALSE,132
AGGRAVATED BATTERY,30 - 39,F,,TRUE,27
CRIMINAL SEXUAL ASSAULT,50 - 59,M,BLK,FALSE,23
AGGRAVATED BATTERY,0 - 19,M,WHI,FALSE,21
NON-FATAL SHOOTING,50 - 59,M,BLK,TRUE,9
VEHICULAR HIJACKING,80+,M,BLK,FALSE,24
AGGRAVATED ASSAULT,,F,WHI,FALSE,5
AGGRAVATED BATTERY,80+,F,BLK,FALSE,26
ROBBERY,30 - 39,F,WBH,FALSE,14
ROBBERY,60 - 69,F,,FALSE,10
ROBBERY,,M,API,FALSE,6
NON-SHOOTING HOMICIDE,50 - 59,F,BLK,FALSE,14
CRIMINAL SEXUAL ASSAULT,,X,U,FALSE,12
AGGRAVATED BATTERY,80+,M,BLK,TRUE,25
CRIMINAL SEXUAL ASSAULT,0 - 19,F,WBH,TRUE,12
ROBBERY,20 - 29,M,API,FALSE,657
AGGRAVATED ASSAULT,40 - 49,M,,FALSE,70
AGGRAVATED ASSAULT,30 - 39,F,WBH,FALSE,10
AGGRAVATED BATTERY,20 - 29,M,U,TRUE,5
FATAL SHOOTING,20 - 29,F,WWH,FALSE,17
AGGRAVATED ASSAULT,20 - 29,M,WBH,FALSE,53
VEHICULAR HIJACKING,20 - 29,F,WHI,FALSE,116
AGGRAVATED BATTERY,70 - 79,F,WWH,TRUE,9
AGGRAVATED BATTERY,30 - 39,F,BLK,FALSE,919
AGGRAVATED ASSAULT,40 - 49,M,API,TRUE,8
ROBBERY,40 - 49,F,WBH,FALSE,12
AGGRAVATED ASSAULT,30 - 39,M,WWH,FALSE,1071
AGGRAVATED BATTERY,70 - 79,F,WHI,FALSE,35
AGGRAVATED BATTERY,30 - 39,,BLK,FALSE,4
AGGRAVATED ASSAULT,70 - 79,M,WWH,TRUE,4
AGGRAVATED BATTERY,70 - 79,M,WWH,FALSE,45
AGGRAVATED ASSAULT,,M,U,FALSE,6
AGGRAVATED ASSAULT,20 - 29,F,WBH,FALSE,23
AGGRAVATED BATTERY,40 - 49,F,WBH,FALSE,5
ROBBERY,,F,WHI,FALSE,6
CRIMINAL SEXUAL ASSAULT,0 - 19,F,WWH,FALSE,341
ROBBERY,70 - 79,M,WBH,FALSE,9
ROBBERY,40 - 49,F,,FALSE,51
CRIMINAL SEXUAL ASSAULT,0 - 19,F,WBH,FALSE,23
VEHICULAR HIJACKING,60 - 69,M,BLK,FALSE,167
AGGRAVATED BATTERY,30 - 39,F,WBH,FALSE,7
AGGRAVATED BATTERY,70 - 79,M,U,FALSE,4
VEHICULAR HIJACKING,50 - 59,,,FALSE,4
CRIMINAL SEXUAL ASSAULT,0 - 19,M,WWH,FALSE,64
VEHICULAR HIJACKING,20 - 29,F,WWH,FALSE,106
AGGRAVATED BATTERY,40 - 49,,,FALSE,13
VEHICULAR HIJACKING,30 - 39,M,U,FALSE,13
AGGRAVATED ASSAULT,20 - 29,X,,FALSE,12
AGGRAVATED BATTERY,0 - 19,F,BLK,TRUE,181
ROBBERY,20 - 29,F,I,FALSE,12
VEHICULAR HIJACKING,60 - 69,M,,FALSE,5
AGGRAVATED ASSAULT,50 - 59,M,,FALSE,49
CRIMINAL SEXUAL ASSAULT,20 - 29,F,API,TRUE,17
CRIMINAL SEXUAL ASSAULT,20 - 29,F,WBH,TRUE,7
CRIMINAL SEXUAL ASSAULT,50 - 59,F,WWH,TRUE,9
VEHICULAR HIJACKING,70 - 79,M,API,FALSE,11
CRIMINAL SEXUAL ASSAULT,60 - 69,F,BLK,TRUE,15
CRIMINAL SEXUAL ASSAULT,20 - 29,F,WBH,FALSE,20
ROBBERY,20 - 29,F,WBH,FALSE,36
AGGRAVATED ASSAULT,0 - 19,M,WWH,FALSE,140
CRIMINAL SEXUAL ASSAULT,0 - 19,F,BLK,FALSE,126
AGGRAVATED BATTERY,30 - 39,F,U,TRUE,8
VEHICULAR HIJACKING,70 - 79,F,BLK,FALSE,35
CRIMINAL SEXUAL ASSAULT,0 - 19,M,,FALSE,11
NON-SHOOTING HOMICIDE,50 - 59,M,WWH,FALSE,5
ROBBERY,0 - 19,M,U,FALSE,24
ROBBERY,,F,BLK,FALSE,17
CRIMINAL SEXUAL ASSAULT,20 - 29,M,BLK,TRUE,15
AGGRAVATED ASSAULT,40 - 49,M,BLK,FALSE,1245
ROBBERY,30 - 39,M,WBH,FALSE,69
AGGRAVATED BATTERY,30 - 39,,,TRUE,9
ROBBERY,20 - 29,F,API,TRUE,4
VEHICULAR HIJACKING,30 - 39,M,BLK,TRUE,4
AGGRAVATED ASSAULT,30 - 39,M,API,TRUE,4
AGGRAVATED BATTERY,30 - 39,M,WHI,FALSE,396
VEHICULAR HIJACKING,0 - 19,F,,FALSE,4
AGGRAVATED ASSAULT,70 - 79,M,WHI,TRUE,7
ROBBERY,0 - 19,M,BLK,FALSE,333
CRIMINAL SEXUAL ASSAULT,50 - 59,M,WWH,FALSE,5
ROBBERY,20 - 29,M,I,FALSE,68
CRIMINAL SEXUAL ASSAULT,30 - 39,F,API,FALSE,18
ROBBERY,30 - 39,F,BLK,FALSE,1519
AGGRAVATED BATTERY,70 - 79,M,WHI,FALSE,75
VEHICULAR HIJACKING,0 - 19,M,API,FALSE,4
AGGRAVATED ASSAULT,40 - 49,F,WHI,FALSE,121
ROBBERY,0 - 19,,,FALSE,15
ROBBERY,20 - 29,M,WBH,FALSE,107
AGGRAVATED ASSAULT,,,,TRUE,2336
AGGRAVATED ASSAULT,60 - 69,F,BLK,TRUE,104
VEHICULAR HIJACKING,80+,F,BLK,FALSE,17
NON-SHOOTING HOMICIDE,50 - 59,M,BLK,FALSE,25
ROBBERY,0 - 19,F,BLK,FALSE,215
NON-FATAL SHOOTING,40 - 49,M,BLK,FALSE,744
AGGRAVATED BATTERY,50 - 59,M,WBH,TRUE,9
AGGRAVATED BATTERY,50 - 59,F,API,FALSE,7
AGGRAVATED BATTERY,,M,WHI,TRUE,6
ROBBERY,50 - 59,F,,FALSE,42
AGGRAVATED ASSAULT,30 - 39,M,I,FALSE,12
FATAL SHOOTING,0 - 19,F,BLK,FALSE,18
VEHICULAR HIJACKING,50 - 59,M,BLK,FALSE,291
VEHICULAR HIJACKING,30 - 39,M,BLK,FALSE,498
AGGRAVATED ASSAULT,30 - 39,F,WHI,TRUE,62
NON-FATAL SHOOTING,20 - 29,(NOT PROVIDED),(NOT PROVIDED),FALSE,7
CRIMINAL SEXUAL ASSAULT,0 - 19,F,WWH,TRUE,12
VEHICULAR HIJACKING,20 - 29,F,API,FALSE,19
AGGRAVATED BATTERY,50 - 59,F,BLK,FALSE,348
AGGRAVATED BATTERY,40 - 49,M,WHI,TRUE,60
AGGRAVATED ASSAULT,50 - 59,M,WWH,FALSE,296
AGGRAVATED BATTERY,20 - 29,,,FALSE,15
AGGRAVATED ASSAULT,60 - 69,M,,FALSE,14
VEHICULAR HIJACKING,60 - 69,M,WWH,FALSE,56
AGGRAVATED ASSAULT,0 - 19,M,API,FALSE,14
AGGRAVATED BATTERY,50 - 59,M,WWH,FALSE,228
NON-SHOOTING HOMICIDE,30 - 39,F,BLK,TRUE,9
AGGRAVATED BATTERY,30 - 39,M,WBH,TRUE,11
NON-FATAL SHOOTING,30 - 39,F,(NOT PROVIDED),FALSE,10
AGGRAVATED BATTERY,30 - 39,F,BLK,TRUE,1791
AGGRAVATED BATTERY,60 - 69,M,BLK,FALSE,606
AGGRAVATED BATTERY,40 - 49,F,WHI,TRUE,69
ROBBERY,0 - 19,M,API,FALSE,71
CRIMINAL SEXUAL ASSAULT,,,,TRUE,69
CRIMINAL SEXUAL ASSAULT,0 - 19,M,WWH,FALSE,5
ROBBERY,70 - 79,M,U,FALSE,8
AGGRAVATED ASSAULT,60 - 69,F,,TRUE,5
NON-FATAL SHOOTING,70 - 79,F,BLK,FALSE,6
CRIMINAL SEXUAL ASSAULT,30 - 39,F,API,TRUE,10
CRIMINAL SEXUAL ASSAULT,50 - 59,F,WHI,FALSE,68
NON-FATAL SHOOTING,30 - 39,F,BLK,TRUE,16
CRIMINAL SEXUAL ASSAULT,50 - 59,F,BLK,TRUE,39
VEHICULAR HIJACKING,40 - 49,F,WHI,FALSE,48
VEHICULAR HIJACKING,50 - 59,F,WWH,FALSE,40
AGGRAVATED BATTERY,20 - 29,M,WHI,TRUE,85
CRIMINAL SEXUAL ASSAULT,30 - 39,M,WWH,TRUE,5
AGGRAVATED ASSAULT,0 - 19,F,BLK,TRUE,196
ROBBERY,70 - 79,F,BLK,FALSE,108
NON-SHOOTING HOMICIDE,20 - 29,F,BLK,TRUE,11
NON-SHOOTING HOMICIDE,0 - 19,F,WWH,TRUE,4
ROBBERY,80+,F,BLK,FALSE,38
NON-FATAL SHOOTING,30 - 39,F,WBH,FALSE,4
ROBBERY,40 - 49,M,,FALSE,102
ROBBERY,,,,TRUE,9
ROBBERY,20 - 29,M,,FALSE,204
ROBBERY,40 - 49,F,BLK,TRUE,71
AGGRAVATED ASSAULT,80+,M,BLK,TRUE,9
CRIMINAL SEXUAL ASSAULT,60 - 69,F,BLK,FALSE,110
AGGRAVATED BATTERY,,F,BLK,TRUE,6
CRIMINAL SEXUAL ASSAULT,60 - 69,F,WHI,FALSE,19
VEHICULAR HIJACKING,0 - 19,M,WHI,FALSE,15
FATAL SHOOTING,30 - 39,M,WHI,FALSE,24
AGGRAVATED BATTERY,0 - 19,F,BLK,FALSE,622
AGGRAVATED ASSAULT,60 - 69,,,FALSE,10
AGGRAVATED ASSAULT,30 - 39,F,WWH,FALSE,376
AGGRAVATED BATTERY,40 - 49,M,,TRUE,10
AGGRAVATED BATTERY,50 - 59,F,BLK,TRUE,424
VEHICULAR HIJACKING,20 - 29,F,WBH,FALSE,4
CRIMINAL SEXUAL ASSAULT,20 - 29,F,WWH,TRUE,119
AGGRAVATED ASSAULT,30 - 39,,BLK,FALSE,6
NON-FATAL SHOOTING,40 - 49,M,(NOT PROVIDED),FALSE,7
NON-SHOOTING HOMICIDE,0 - 19,M,BLK,TRUE,14
ROBBERY,,M,,FALSE,4
ROBBERY,50 - 59,F,U,FALSE,9
NON-SHOOTING HOMICIDE,40 - 49,M,BLK,FALSE,11
AGGRAVATED BATTERY,0 - 19,M,WHI,FALSE,19
AGGRAVATED ASSAULT,20 - 29,,BLK,FALSE,11
AGGRAVATED ASSAULT,0 - 19,X,,FALSE,38
AGGRAVATED ASSAULT,30 - 39,F,,FALSE,56
AGGRAVATED ASSAULT,60 - 69,M,BLK,FALSE,405
VEHICULAR HIJACKING,70 - 79,M,WHI,FALSE,18
AGGRAVATED BATTERY,20 - 29,M,WWH,FALSE,705
AGGRAVATED BATTERY,30 - 39,M,WHI,TRUE,98
AGGRAVATED ASSAULT,0 - 19,M,U,FALSE,14
NON-SHOOTING HOMICIDE,20 - 29,F,BLK,FALSE,7
AGGRAVATED BATTERY,0 - 19,M,U,FALSE,7
VEHICULAR HIJACKING,0 - 19,M,BLK,FALSE,38
CRIMINAL SEXUAL ASSAULT,0 - 19,F,WWH,TRUE,426
AGGRAVATED BATTERY,20 - 29,M,WBH,FALSE,45
AGGRAVATED ASSAULT,20 - 29,F,WWH,FALSE,659
CRIMINAL SEXUAL ASSAULT,20 - 29,F,API,FALSE,52
FATAL SHOOTING,20 - 29,M,BLK,FALSE,1090
CRIMINAL SEXUAL ASSAULT,40 - 49,F,WWH,FALSE,40
CRIMINAL SEXUAL ASSAULT,30 - 39,M,WHI,TRUE,6
AGGRAVATED BATTERY,0 - 19,M,WWH,FALSE,66
AGGRAVATED ASSAULT,20 - 29,M,BLK,FALSE,2414
AGGRAVATED ASSAULT,0 - 19,M,WBH,TRUE,7
CRIMINAL SEXUAL ASSAULT,70 - 79,F,BLK,FALSE,16
AGGRAVATED ASSAULT,20 - 29,M,API,FALSE,115
ROBBERY,20 - 29,F,BLK,FALSE,2585
AGGRAVATED ASSAULT,40 - 49,F,WWH,FALSE,292
AGGRAVATED BATTERY,20 - 29,M,API,TRUE,8
FATAL SHOOTING,0 - 19,M,BLK,FALSE,192
AGGRAVATED ASSAULT,0 - 19,F,WHI,TRUE,6
AGGRAVATED BATTERY,60 - 69,F,WWH,TRUE,23
CRIMINAL SEXUAL ASSAULT,0 - 19,F,,FALSE,46
NON-FATAL SHOOTING,0 - 19,M,BLK,TRUE,6
VEHICULAR HIJACKING,40 - 49,F,,FALSE,10
ROBBERY,20 - 29,,,FALSE,55
ROBBERY,30 - 39,,BLK,FALSE,5
AGGRAVATED ASSAULT,30 - 39,M,U,FALSE,72
VEHICULAR HIJACKING,0 - 19,F,API,FALSE,6
AGGRAVATED ASSAULT,70 - 79,M,BLK,FALSE,69
AGGRAVATED ASSAULT,0 - 19,M,,TRUE,18
AGGRAVATED BATTERY,,M,,FALSE,6
ROBBERY,40 - 49,,,FALSE,42
CRIMINAL SEXUAL ASSAULT,20 - 29,M,WHI,FALSE,74
ROBBERY,70 - 79,F,API,FALSE,15
AGGRAVATED ASSAULT,40 - 49,F,BLK,TRUE,614
VEHICULAR HIJACKING,20 - 29,F,,FALSE,22
VEHICULAR HIJACKING,30 - 39,F,,FALSE,12
NON-SHOOTING HOMICIDE,20 - 29,M,WWH,FALSE,7
VEHICULAR HIJACKING,20 - 29,M,WWH,FALSE,295
AGGRAVATED ASSAULT,50 - 59,F,WWH,TRUE,51
NON-FATAL SHOOTING,50 - 59,M,API,FALSE,6
VEHICULAR HIJACKING,0 - 19,F,WWH,FALSE,4
ROBBERY,70 - 79,F,WHI,FALSE,66
CRIMINAL SEXUAL ASSAULT,30 - 39,M,WBH,FALSE,4
ROBBERY,20 - 29,M,BLK,TRUE,71
NON-SHOOTING HOMICIDE,20 - 29,M,WHI,FALSE,4
VEHICULAR HIJACKING,50 - 59,M,WBH,FALSE,7
NON-FATAL SHOOTING,0 - 19,F,BLK,FALSE,184
AGGRAVATED BATTERY,70 - 79,F,BLK,TRUE,100
AGGRAVATED BATTERY,30 - 39,F,API,FALSE,11
ROBBERY,20 - 29,F,,TRUE,6
FATAL SHOOTING,40 - 49,M,BLK,FALSE,191
ROBBERY,0 - 19,F,U,FALSE,7
NON-FATAL SHOOTING,40 - 49,F,WHI,FALSE,5
AGGRAVATED ASSAULT,0 - 19,F,,TRUE,15
VEHICULAR HIJACKING,30 - 39,F,API,FALSE,21
CRIMINAL SEXUAL ASSAULT,20 - 29,X,,FALSE,5
CRIMINAL SEXUAL ASSAULT,0 - 19,F,U,FALSE,25
ROBBERY,70 - 79,M,WHI,FALSE,107
AGGRAVATED ASSAULT,40 - 49,F,U,FALSE,7
AGGRAVATED ASSAULT,50 - 59,M,WHI,TRUE,31
AGGRAVATED ASSAULT,20 - 29,M,WHI,FALSE,532
ROBBERY,20 - 29,F,WHI,FALSE,1214
CRIMINAL SEXUAL ASSAULT,0 - 19,M,BLK,TRUE,253
AGGRAVATED BATTERY,20 - 29,M,BLK,FALSE,1491
AGGRAVATED BATTERY,0 - 19,M,BLK,FALSE,76
AGGRAVATED ASSAULT,60 - 69,M,WWH,TRUE,14
NON-FATAL SHOOTING,40 - 49,F,BLK,TRUE,4
AGGRAVATED ASSAULT,20 - 29,M,WWH,FALSE,1592
ROBBERY,30 - 39,M,BLK,FALSE,3007
ROBBERY,50 - 59,M,API,FALSE,216
CRIMINAL SEXUAL ASSAULT,50 - 59,F,WHI,TRUE,10
ROBBERY,50 - 59,M,WWH,FALSE,800
ROBBERY,40 - 49,M,API,FALSE,260
VEHICULAR HIJACKING,30 - 39,M,,FALSE,17
NON-FATAL SHOOTING,20 - 29,M,WWH,FALSE,1030
ROBBERY,40 - 49,M,WHI,FALSE,738
VEHICULAR HIJACKING,30 - 39,F,WWH,FALSE,110
AGGRAVATED BATTERY,0 - 19,M,WWH,TRUE,55
AGGRAVATED BATTERY,20 - 29,M,,FALSE,37
VEHICULAR HIJACKING,50 - 59,F,WBH,FALSE,4
NON-FATAL SHOOTING,0 - 19,F,(NOT PROVIDED),FALSE,6
AGGRAVATED BATTERY,0 - 19,F,BLK,FALSE,120
CRIMINAL SEXUAL ASSAULT,20 - 29,M,API,FALSE,5
AGGRAVATED ASSAULT,0 - 19,F,BLK,FALSE,169
AGGRAVATED ASSAULT,20 - 29,F,API,TRUE,14
CRIMINAL SEXUAL ASSAULT,20 - 29,F,,TRUE,7
AGGRAVATED ASSAULT,30 - 39,M,,TRUE,12
AGGRAVATED BATTERY,0 - 19,F,,FALSE,25
AGGRAVATED BATTERY,50 - 59,F,WHI,TRUE,43
AGGRAVATED ASSAULT,20 - 29,,,FALSE,59
AGGRAVATED BATTERY,80+,M,WWH,TRUE,6
AGGRAVATED BATTERY,0 - 19,M,API,FALSE,9
AGGRAVATED ASSAULT,60 - 69,F,,FALSE,9
AGGRAVATED ASSAULT,20 - 29,M,WBH,TRUE,17
AGGRAVATED ASSAULT,30 - 39,M,API,FALSE,83
ROBBERY,50 - 59,,,FALSE,13
AGGRAVATED BATTERY,70 - 79,M,WWH,TRUE,17
NON-FATAL SHOOTING,0 - 19,M,WWH,FALSE,285
AGGRAVATED BATTERY,40 - 49,F,WWH,TRUE,138
NON-FATAL SHOOTING,30 - 39,M,WBH,FALSE,23
VEHICULAR HIJACKING,30 - 39,F,U,FALSE,4
AGGRAVATED BATTERY,30 - 39,F,WHI,TRUE,130
FATAL SHOOTING,40 - 49,M,BLK,TRUE,6
AGGRAVATED ASSAULT,50 - 59,F,WWH,FALSE,123
AGGRAVATED BATTERY,40 - 49,F,API,FALSE,9
AGGRAVATED ASSAULT,80+,M,WHI,FALSE,4
AGGRAVATED ASSAULT,0 - 19,M,WWH,TRUE,9
AGGRAVATED ASSAULT,70 - 79,M,WWH,FALSE,20
FATAL SHOOTING,50 - 59,M,BLK,FALSE,79
AGGRAVATED BATTERY,50 - 59,F,,TRUE,8
AGGRAVATED BATTERY,0 - 19,M,WBH,TRUE,5
AGGRAVATED BATTERY,0 - 19,F,WHI,TRUE,9
NON-FATAL SHOOTING,40 - 49,F,BLK,FALSE,119
ROBBERY,0 - 19,F,BLK,FALSE,454
AGGRAVATED ASSAULT,30 - 39,X,,FALSE,5
ROBBERY,30 - 39,F,WHI,FALSE,762
AGGRAVATED BATTERY,50 - 59,M,WHI,FALSE,277
FATAL SHOOTING,30 - 39,F,BLK,TRUE,13
AGGRAVATED ASSAULT,,M,API,FALSE,4
NON-FATAL SHOOTING,20 - 29,M,WWH,TRUE,5
ROBBERY,40 - 49,F,WHI,TRUE,6
VEHICULAR HIJACKING,30 - 39,M,WWH,FALSE,215
AGGRAVATED ASSAULT,20 - 29,X,BLK,FALSE,5
AGGRAVATED BATTERY,0 - 19,,,TRUE,8
ROBBERY,20 - 29,F,API,FALSE,274
NON-FATAL SHOOTING,0 - 19,M,WBH,FALSE,4
AGGRAVATED BATTERY,50 - 59,F,WHI,FALSE,60
HUMAN TRAFFICKING,0 - 19,F,WHI,FALSE,5
NON-FATAL SHOOTING,30 - 39,M,BLK,FALSE,2329
VEHICULAR HIJACKING,50 - 59,M,,FALSE,10
CRIMINAL SEXUAL ASSAULT,60 - 69,F,WWH,FALSE,7
FATAL SHOOTING,20 - 29,F,BLK,TRUE,17
CRIMINAL SEXUAL ASSAULT,0 - 19,F,WWH,FALSE,38
CRIMINAL SEXUAL ASSAULT,0 - 19,F,,TRUE,39
NON-FATAL SHOOTING,20 - 29,M,BLK,TRUE,44
VEHICULAR HIJACKING,0 - 19,F,WHI,FALSE,13
CRIMINAL SEXUAL ASSAULT,40 - 49,M,BLK,TRUE,7
ROBBERY,0 - 19,F,WHI,FALSE,59
NON-FATAL SHOOTING,40 - 49,M,WHI,FALSE,38
AGGRAVATED BATTERY,20 - 29,M,WBH,TRUE,13
CRIMINAL SEXUAL ASSAULT,30 - 39,F,WHI,TRUE,49
AGGRAVATED ASSAULT,40 - 49,M,I,FALSE,15
CRIMINAL SEXUAL ASSAULT,30 - 39,M,,FALSE,4
AGGRAVATED ASSAULT,30 - 39,M,WWH,TRUE,129
AGGRAVATED ASSAULT,50 - 59,M,BLK,FALSE,992
AGGRAVATED BATTERY,70 - 79,M,BLK,TRUE,63
AGGRAVATED ASSAULT,0 - 19,M,BLK,FALSE,201
AGGRAVATED ASSAULT,80+,F,BLK,FALSE,6
AGGRAVATED ASSAULT,20 - 29,,,TRUE,12
AGGRAVATED BATTERY,30 - 39,M,API,FALSE,51
AGGRAVATED BATTERY,50 - 59,M,I,FALSE,6
HUMAN TRAFFICKING,0 - 19,F,BLK,FALSE,22
AGGRAVATED BATTERY,0 - 19,M,BLK,FALSE,657
AGGRAVATED BATTERY,40 - 49,F,API,TRUE,7
VEHICULAR HIJACKING,50 - 59,M,U,FALSE,6
AGGRAVATED ASSAULT,0 - 19,,,FALSE,67
AGGRAVATED BATTERY,40 - 49,M,WBH,TRUE,11
AGGRAVATED ASSAULT,30 - 39,M,BLK,FALSE,1679
FATAL SHOOTING,30 - 39,M,API,FALSE,6
AGGRAVATED BATTERY,30 - 39,M,BLK,FALSE,1324
ROBBERY,30 - 39,F,BLK,TRUE,178
AGGRAVATED BATTERY,20 - 29,F,BLK,FALSE,1554
CRIMINAL SEXUAL ASSAULT,20 - 29,F,BLK,TRUE,282
ROBBERY,60 - 69,M,BLK,FALSE,1282
ROBBERY,20 - 29,F,U,FALSE,53
FATAL SHOOTING,0 - 19,F,WWH,FALSE,8
NON-FATAL SHOOTING,,(NOT PROVIDED),(NOT PROVIDED),FALSE,24
AGGRAVATED BATTERY,40 - 49,F,,FALSE,13
AGGRAVATED ASSAULT,0 - 19,M,,FALSE,91
VEHICULAR HIJACKING,80+,M,WHI,FALSE,5
ROBBERY,30 - 39,F,WWH,TRUE,13
AGGRAVATED ASSAULT,,F,WWH,FALSE,7
NON-FATAL SHOOTING,20 - 29,F,BLK,FALSE,700
AGGRAVATED ASSAULT,40 - 49,F,BLK,FALSE,913
AGGRAVATED BATTERY,20 - 29,,BLK,TRUE,7
AGGRAVATED BATTERY,50 - 59,M,WWH,TRUE,72
AGGRAVATED BATTERY,20 - 29,M,API,FALSE,70
AGGRAVATED ASSAULT,20 - 29,M,I,FALSE,20
CRIMINAL SEXUAL ASSAULT,40 - 49,F,,FALSE,9
AGGRAVATED BATTERY,20 - 29,F,WWH,TRUE,436
AGGRAVATED ASSAULT,0 - 19,F,WBH,TRUE,5
ROBBERY,40 - 49,M,WBH,FALSE,41
VEHICULAR HIJACKING,0 - 19,M,BLK,FALSE,33
CRIMINAL SEXUAL ASSAULT,20 - 29,F,I,FALSE,5
AGGRAVATED BATTERY,,M,WHI,FALSE,22
CRIMINAL SEXUAL ASSAULT,0 - 19,,,FALSE,18
ROBBERY,20 - 29,M,WWH,TRUE,5
AGGRAVATED ASSAULT,50 - 59,M,WBH,FALSE,17
CRIMINAL SEXUAL ASSAULT,40 - 49,F,WWH,TRUE,43
AGGRAVATED ASSAULT,50 - 59,F,BLK,TRUE,349
NON-FATAL SHOOTING,30 - 39,F,WWH,FALSE,68
FATAL SHOOTING,20 - 29,M,WHI,FALSE,32
VEHICULAR HIJACKING,70 - 79,M,BLK,FALSE,56
AGGRAVATED BATTERY,70 - 79,M,,FALSE,8
AGGRAVATED BATTERY,30 - 39,F,U,FALSE,5
ROBBERY,40 - 49,M,I,FALSE,20
AGGRAVATED ASSAULT,60 - 69,F,WHI,TRUE,12
ROBBERY,60 - 69,F,BLK,TRUE,7
AGGRAVATED BATTERY,80+,M,WHI,FALSE,24
AGGRAVATED ASSAULT,20 - 29,F,API,FALSE,22
ROBBERY,60 - 69,F,API,FALSE,45
AGGRAVATED BATTERY,80+,M,WHI,TRUE,10
AGGRAVATED ASSAULT,0 - 19,F,U,FALSE,6
VEHICULAR HIJACKING,40 - 49,M,WBH,FALSE,6
NON-FATAL SHOOTING,50 - 59,F,WWH,FALSE,8
ROBBERY,50 - 59,F,WWH,FALSE,302
NON-SHOOTING HOMICIDE,30 - 39,F,BLK,FALSE,9
AGGRAVATED BATTERY,0 - 19,X,,FALSE,4
NON-SHOOTING HOMICIDE,50 - 59,F,BLK,TRUE,6
FATAL SHOOTING,0 - 19,M,WHI,FALSE,4
NON-SHOOTING HOMICIDE,30 - 39,M,WWH,FALSE,4
AGGRAVATED BATTERY,30 - 39,F,,FALSE,25
AGGRAVATED ASSAULT,30 - 39,,,FALSE,38
AGGRAVATED BATTERY,0 - 19,F,WWH,FALSE,81
CRIMINAL SEXUAL ASSAULT,0 - 19,X,,FALSE,8
CRIMINAL SEXUAL ASSAULT,0 - 19,,,TRUE,8
CRIMINAL SEXUAL ASSAULT,60 - 69,M,BLK,FALSE,6
VEHICULAR HIJACKING,0 - 19,F,BLK,FALSE,21
ROBBERY,70 - 79,M,,FALSE,5
AGGRAVATED ASSAULT,0 - 19,F,,FALSE,69
AGGRAVATED ASSAULT,0 - 19,M,WWH,FALSE,434
AGGRAVATED ASSAULT,30 - 39,F,WHI,FALSE,204
ROBBERY,30 - 39,M,API,FALSE,335
FATAL SHOOTING,30 - 39,F,WWH,FALSE,8
NON-SHOOTING HOMICIDE,40 - 49,F,BLK,FALSE,5
VEHICULAR HIJACKING,50 - 59,M,WHI,FALSE,80
AGGRAVATED ASSAULT,60 - 69,M,I,FALSE,5
AGGRAVATED BATTERY,50 - 59,F,WWH,TRUE,47
VEHICULAR HIJACKING,20 - 29,M,,FALSE,17
CRIMINAL SEXUAL ASSAULT,0 - 19,F,WHI,FALSE,123
AGGRAVATED ASSAULT,0 - 19,F,WHI,FALSE,46
AGGRAVATED ASSAULT,0 - 19,F,WBH,FALSE,14
AGGRAVATED BATTERY,40 - 49,F,WBH,TRUE,5
NON-FATAL SHOOTING,0 - 19,M,WWH,FALSE,252
AGGRAVATED ASSAULT,50 - 59,F,U,TRUE,4
CRIMINAL SEXUAL ASSAULT,40 - 49,F,API,FALSE,7
ROBBERY,20 - 29,F,WWH,TRUE,49
VEHICULAR HIJACKING,,F,BLK,FALSE,8
NON-FATAL SHOOTING,20 - 29,M,API,FALSE,20
CRIMINAL SEXUAL ASSAULT,50 - 59,F,,FALSE,9
CRIMINAL SEXUAL ASSAULT,20 - 29,F,,FALSE,59
NON-FATAL SHOOTING,70 - 79,M,BLK,FALSE,12
AGGRAVATED BATTERY,30 - 39,F,WBH,TRUE,21
AGGRAVATED ASSAULT,0 - 19,M,BLK,FALSE,181
NON-SHOOTING HOMICIDE,30 - 39,M,WHI,FALSE,5
ROBBERY,20 - 29,M,U,FALSE,159
AGGRAVATED ASSAULT,80+,F,WHI,FALSE,5
AGGRAVATED BATTERY,50 - 59,F,WWH,FALSE,41
NON-SHOOTING HOMICIDE,50 - 59,M,WHI,FALSE,7
AGGRAVATED BATTERY,30 - 39,X,BLK,FALSE,6
FATAL SHOOTING,40 - 49,M,WHI,FALSE,9
AGGRAVATED BATTERY,20 - 29,M,WHI,FALSE,345
AGGRAVATED BATTERY,50 - 59,M,API,FALSE,24
ROBBERY,0 - 19,F,WWH,TRUE,5
AGGRAVATED BATTERY,50 - 59,M,API,TRUE,5
ROBBERY,,M,U,FALSE,4
AGGRAVATED BATTERY,30 - 39,,,FALSE,15
AGGRAVATED ASSAULT,40 - 49,M,WHI,FALSE,424
ROBBERY,0 - 19,M,WHI,FALSE,221
CRIMINAL SEXUAL ASSAULT,0 - 19,F,WHI,FALSE,63
AGGRAVATED ASSAULT,20 - 29,F,WBH,TRUE,14
AGGRAVATED BATTERY,80+,F,BLK,TRUE,46
AGGRAVATED BATTERY,40 - 49,F,U,FALSE,8
VEHICULAR HIJACKING,30 - 39,M,API,FALSE,64
ROBBERY,40 - 49,F,I,FALSE,7
NON-FATAL SHOOTING,20 - 29,M,WHI,FALSE,123
AGGRAVATED ASSAULT,20 - 29,M,,TRUE,15
AGGRAVATED ASSAULT,70 - 79,F,WHI,TRUE,5
AGGRAVATED BATTERY,40 - 49,F,BLK,FALSE,517
AGGRAVATED BATTERY,30 - 39,M,API,TRUE,13
AGGRAVATED ASSAULT,40 - 49,F,WHI,TRUE,47
AGGRAVATED BATTERY,40 - 49,M,U,TRUE,5
AGGRAVATED BATTERY,20 - 29,F,WBH,TRUE,36
AGGRAVATED BATTERY,40 - 49,F,WHI,FALSE,87
ROBBERY,0 - 19,F,,FALSE,22
AGGRAVATED ASSAULT,20 - 29,M,BLK,TRUE,762
ROBBERY,0 - 19,M,WWH,FALSE,872
AGGRAVATED BATTERY,60 - 69,M,,TRUE,4
AGGRAVATED ASSAULT,70 - 79,F,BLK,FALSE,28
NON-FATAL SHOOTING,20 - 29,F,WHI,FALSE,16
NON-FATAL SHOOTING,0 - 19,M,WHI,FALSE,11
AGGRAVATED ASSAULT,20 - 29,M,WHI,TRUE,42
AGGRAVATED BATTERY,40 - 49,F,BLK,TRUE,835
AGGRAVATED BATTERY,20 - 29,F,WWH,FALSE,261
NON-FATAL SHOOTING,30 - 39,M,WWH,FALSE,450
AGGRAVATED BATTERY,0 - 19,M,BLK,FALSE,101
AGGRAVATED BATTERY,0 - 19,M,WHI,TRUE,9
CRIMINAL SEXUAL ASSAULT,30 - 39,F,WBH,FALSE,7
ROBBERY,,F,API,FALSE,4
AGGRAVATED ASSAULT,50 - 59,M,WBH,TRUE,4
ROBBERY,20 - 29,F,,FALSE,94
NON-FATAL SHOOTING,30 - 39,M,WWH,TRUE,4
ROBBERY,80+,M,,FALSE,4
AGGRAVATED BATTERY,80+,F,WHI,TRUE,17
AGGRAVATED ASSAULT,40 - 49,F,API,TRUE,8
ROBBERY,60 - 69,F,WWH,FALSE,120
AGGRAVATED ASSAULT,30 - 39,M,,FALSE,106
NON-FATAL SHOOTING,20 - 29,F,WWH,TRUE,6
VEHICULAR HIJACKING,0 - 19,M,WWH,FALSE,28
CRIMINAL SEXUAL ASSAULT,20 - 29,M,BLK,FALSE,88
VEHICULAR HIJACKING,40 - 49,F,API,FALSE,15
NON-FATAL SHOOTING,40 - 49,M,API,FALSE,6
ROBBERY,60 - 69,M,I,FALSE,11
AGGRAVATED ASSAULT,0 - 19,M,WHI,FALSE,27
AGGRAVATED BATTERY,0 - 19,M,WBH,FALSE,9
ROBBERY,70 - 79,M,BLK,TRUE,4
VEHICULAR HIJACKING,20 - 29,M,WBH,FALSE,11
CRIMINAL SEXUAL ASSAULT,60 - 69,M,WHI,FALSE,10
ROBBERY,,M,WWH,FALSE,11
AGGRAVATED BATTERY,80+,F,WWH,FALSE,10
AGGRAVATED ASSAULT,60 - 69,M,WHI,TRUE,11
ROBBERY,40 - 49,F,WWH,TRUE,9
NON-SHOOTING HOMICIDE,60 - 69,M,BLK,FALSE,15
CRIMINAL SEXUAL ASSAULT,30 - 39,F,,FALSE,22
AGGRAVATED ASSAULT,50 - 59,M,,TRUE,8
AGGRAVATED BATTERY,70 - 79,M,BLK,FALSE,122
AGGRAVATED BATTERY,0 - 19,F,WBH,TRUE,4
NON-FATAL SHOOTING,50 - 59,F,BLK,FALSE,68
NON-FATAL SHOOTING,0 - 19,F,WHI,FALSE,6
FATAL SHOOTING,0 - 19,M,WWH,FALSE,51
NON-FATAL SHOOTING,20 - 29,M,U,FALSE,6
NON-FATAL SHOOTING,40 - 49,M,BLK,TRUE,10
NON-FATAL SHOOTING,0 - 19,F,WWH,FALSE,32
AGGRAVATED BATTERY,30 - 39,M,I,FALSE,5
NON-FATAL SHOOTING,60 - 69,M,BLK,FALSE,93
VEHICULAR HIJACKING,60 - 69,F,WWH,FALSE,18
AGGRAVATED BATTERY,50 - 59,M,,TRUE,10
VEHICULAR HIJACKING,50 - 59,F,BLK,FALSE,140
AGGRAVATED BATTERY,70 - 79,M,WHI,TRUE,15
AGGRAVATED BATTERY,80+,F,WHI,FALSE,28
ROBBERY,50 - 59,F,WHI,FALSE,263
AGGRAVATED ASSAULT,80+,F,WHI,TRUE,4
VEHICULAR HIJACKING,20 - 29,,,FALSE,5
AGGRAVATED ASSAULT,60 - 69,F,BLK,FALSE,166
VEHICULAR HIJACKING,50 - 59,F,WHI,FALSE,49
ROBBERY,70 - 79,F,,FALSE,6
ROBBERY,30 - 39,M,WWH,TRUE,5
CRIMINAL SEXUAL ASSAULT,0 - 19,F,BLK,FALSE,89
AGGRAVATED ASSAULT,80+,F,BLK,TRUE,10
AGGRAVATED ASSAULT,50 - 59,M,WWH,TRUE,38
ROBBERY,20 - 29,F,WHI,TRUE,10
VEHICULAR HIJACKING,0 - 19,F,WWH,FALSE,21
ROBBERY,80+,F,WHI,FALSE,20
AGGRAVATED BATTERY,30 - 39,M,U,TRUE,4
AGGRAVATED BATTERY,50 - 59,M,U,FALSE,16
AGGRAVATED ASSAULT,,M,WWH,FALSE,32
NON-SHOOTING HOMICIDE,60 - 69,F,BLK,FALSE,5
CRIMINAL SEXUAL ASSAULT,20 - 29,M,WWH,FALSE,39
CRIMINAL SEXUAL ASSAULT,0 - 19,M,WWH,TRUE,86
ROBBERY,0 - 19,M,BLK,TRUE,4
ROBBERY,0 - 19,F,,FALSE,8
AGGRAVATED BATTERY,0 - 19,M,,FALSE,7
ROBBERY,0 - 19,F,WHI,FALSE,77
VEHICULAR HIJACKING,0 - 19,M,BLK,FALSE,26
AGGRAVATED ASSAULT,0 - 19,M,WBH,FALSE,6
ROBBERY,0 - 19,F,BLK,TRUE,18
ROBBERY,0 - 19,F,I,FALSE,5
CRIMINAL SEXUAL ASSAULT,,F,U,FALSE,11
AGGRAVATED ASSAULT,30 - 39,F,WBH,TRUE,15
AGGRAVATED BATTERY,0 - 19,F,WHI,FALSE,5
CRIMINAL SEXUAL ASSAULT,20 - 29,F,BLK,FALSE,912
VEHICULAR HIJACKING,0 - 19,F,BLK,FALSE,9
ROBBERY,0 - 19,F,WWH,TRUE,6
AGGRAVATED BATTERY,0 - 19,M,WWH,FALSE,64
FATAL SHOOTING,30 - 39,M,BLK,TRUE,13
AGGRAVATED BATTERY,20 - 29,F,WHI,TRUE,152
ROBBERY,0 - 19,M,,FALSE,21
NON-FATAL SHOOTING,20 - 29,F,WWH,FALSE,134
AGGRAVATED ASSAULT,0 - 19,F,,TRUE,4
CRIMINAL SEXUAL ASSAULT,30 - 39,F,WHI,FALSE,279
NON-FATAL SHOOTING,0 - 19,M,API,FALSE,4
CRIMINAL SEXUAL ASSAULT,30 - 39,M,BLK,FALSE,49
ROBBERY,0 - 19,M,WWH,FALSE,269
CRIMINAL SEXUAL ASSAULT,0 - 19,F,WHI,TRUE,10
AGGRAVATED ASSAULT,0 - 19,M,API,FALSE,4
CRIMINAL SEXUAL ASSAULT,0 - 19,F,API,TRUE,13
CRIMINAL SEXUAL ASSAULT,50 - 59,M,WHI,FALSE,8
AGGRAVATED BATTERY,30 - 39,M,WWH,FALSE,638
AGGRAVATED BATTERY,0 - 19,F,,TRUE,5
AGGRAVATED ASSAULT,0 - 19,M,WHI,TRUE,5
CRIMINAL SEXUAL ASSAULT,0 - 19,F,U,FALSE,9
VEHICULAR HIJACKING,60 - 69,F,BLK,FALSE,91
AGGRAVATED BATTERY,0 - 19,F,WWH,TRUE,22
VEHICULAR HIJACKING,0 - 19,F,WWH,FALSE,9
ROBBERY,50 - 59,F,API,FALSE,72
AGGRAVATED ASSAULT,0 - 19,M,,FALSE,9
AGGRAVATED BATTERY,0 - 19,M,BLK,TRUE,67
CRIMINAL SEXUAL ASSAULT,0 - 19,F,WHI,TRUE,8
AGGRAVATED ASSAULT,70 - 79,F,WWH,TRUE,7
AGGRAVATED ASSAULT,30 - 39,M,WBH,FALSE,40
AGGRAVATED ASSAULT,0 - 19,F,BLK,TRUE,113
AGGRAVATED ASSAULT,0 - 19,M,WBH,FALSE,8
AGGRAVATED ASSAULT,0 - 19,M,BLK,TRUE,41
CRIMINAL SEXUAL ASSAULT,40 - 49,F,WHI,TRUE,27
AGGRAVATED ASSAULT,0 - 19,M,WHI,FALSE,72
AGGRAVATED BATTERY,0 - 19,F,WWH,FALSE,19
AGGRAVATED BATTERY,60 - 69,F,WHI,TRUE,23
AGGRAVATED BATTERY,0 - 19,F,BLK,FALSE,128
ROBBERY,70 - 79,M,API,FALSE,22
AGGRAVATED BATTERY,30 - 39,F,WWH,FALSE,152
VEHICULAR HIJACKING,0 - 19,M,WHI,FALSE,8
AGGRAVATED ASSAULT,0 - 19,M,API,FALSE,9
ROBBERY,0 - 19,,,FALSE,4
AGGRAVATED ASSAULT,0 - 19,M,WHI,TRUE,4
VEHICULAR HIJACKING,20 - 29,F,BLK,FALSE,322
AGGRAVATED BATTERY,0 - 19,M,BLK,TRUE,63
CRIMINAL SEXUAL ASSAULT,0 - 19,M,BLK,FALSE,9
ROBBERY,0 - 19,M,API,FALSE,38
VEHICULAR HIJACKING,0 - 19,F,WHI,FALSE,9
ROBBERY,0 - 19,F,WHI,FALSE,44
AGGRAVATED BATTERY,0 - 19,F,WWH,TRUE,30
AGGRAVATED BATTERY,0 - 19,M,API,FALSE,7
AGGRAVATED BATTERY,0 - 19,F,WWH,FALSE,23
NON-FATAL SHOOTING,0 - 19,F,WWH,FALSE,34
CRIMINAL SEXUAL ASSAULT,0 - 19,F,U,FALSE,4
CRIMINAL SEXUAL ASSAULT,0 - 19,F,API,FALSE,8
ROBBERY,0 - 19,F,,FALSE,5
VEHICULAR HIJACKING,,,,FALSE,85
ROBBERY,0 - 19,M,BLK,FALSE,377
CRIMINAL SEXUAL ASSAULT,0 - 19,F,BLK,TRUE,21
AGGRAVATED BATTERY,30 - 39,M,U,FALSE,20
AGGRAVATED ASSAULT,0 - 19,F,WWH,TRUE,10
AGGRAVATED ASSAULT,0 - 19,M,,FALSE,23
ROBBERY,40 - 49,M,BLK,FALSE,2271
ROBBERY,60 - 69,M,BLK,TRUE,14
CRIMINAL SEXUAL ASSAULT,40 - 49,F,BLK,FALSE,252
AGGRAVATED ASSAULT,0 - 19,F,,FALSE,5
AGGRAVATED ASSAULT,60 - 69,F,WWH,FALSE,36
CRIMINAL SEXUAL ASSAULT,0 - 19,F,WWH,TRUE,16
ROBBERY,0 - 19,M,WBH,FALSE,8
ROBBERY,50 - 59,M,U,FALSE,70
ROBBERY,0 - 19,M,U,FALSE,10
AGGRAVATED BATTERY,0 - 19,,,FALSE,4
ROBBERY,0 - 19,F,API,FALSE,9
ROBBERY,0 - 19,M,WBH,FALSE,13
ROBBERY,50 - 59,F,BLK,TRUE,34
ROBBERY,60 - 69,F,WHI,FALSE,172
AGGRAVATED ASSAULT,0 - 19,F,BLK,TRUE,74
AGGRAVATED ASSAULT,40 - 49,M,WHI,TRUE,46
AGGRAVATED ASSAULT,30 - 39,F,,TRUE,32
AGGRAVATED BATTERY,30 - 39,M,BLK,TRUE,1330
VEHICULAR HIJACKING,40 - 49,M,API,FALSE,32
ROBBERY,40 - 49,F,WWH,FALSE,479
AGGRAVATED BATTERY,0 - 19,F,WHI,FALSE,7
ROBBERY,0 - 19,F,BLK,TRUE,24
ROBBERY,0 - 19,F,WWH,TRUE,5
ROBBERY,,M,WHI,FALSE,11
AGGRAVATED BATTERY,0 - 19,M,WWH,TRUE,10
CRIMINAL SEXUAL ASSAULT,0 - 19,F,BLK,TRUE,25
ROBBERY,0 - 19,M,WHI,FALSE,131
AGGRAVATED ASSAULT,0 - 19,M,U,FALSE,6
VEHICULAR HIJACKING,0 - 19,M,WHI,FALSE,7
AGGRAVATED BATTERY,50 - 59,M,BLK,TRUE,690
CRIMINAL SEXUAL ASSAULT,0 - 19,F,,FALSE,7
CRIMINAL SEXUAL ASSAULT,0 - 19,M,WWH,FALSE,5
NON-FATAL SHOOTING,30 - 39,F,WHI,FALSE,19
ROBBERY,0 - 19,F,WWH,FALSE,251
CRIMINAL SEXUAL ASSAULT,0 - 19,M,BLK,TRUE,6
AGGRAVATED ASSAULT,0 - 19,,,FALSE,7
AGGRAVATED ASSAULT,60 - 69,M,WWH,FALSE,84
AGGRAVATED BATTERY,60 - 69,F,WHI,FALSE,56
AGGRAVATED ASSAULT,0 - 19,F,WHI,FALSE,11
AGGRAVATED ASSAULT,0 - 19,F,WHI,TRUE,4
AGGRAVATED BATTERY,0 - 19,M,API,FALSE,5
ROBBERY,0 - 19,M,U,FALSE,10
ROBBERY,0 - 19,M,,FALSE,18
AGGRAVATED ASSAULT,0 - 19,M,WWH,TRUE,8
CRIMINAL SEXUAL ASSAULT,0 - 19,M,BLK,FALSE,132
CRIMINAL SEXUAL ASSAULT,40 - 49,F,WHI,FALSE,129
CRIMINAL SEXUAL ASSAULT,40 - 49,F,BLK,TRUE,68
AGGRAVATED BATTERY,0 - 19,F,WHI,TRUE,9
AGGRAVATED BATTERY,20 - 29,F,WHI,FALSE,149
CRIMINAL SEXUAL ASSAULT,0 - 19,F,WHI,TRUE,94
AGGRAVATED ASSAULT,0 - 19,F,WWH,TRUE,37
AGGRAVATED ASSAULT,60 - 69,M,U,FALSE,12
AGGRAVATED ASSAULT,0 - 19,M,WHI,FALSE,28
ROBBERY,60 - 69,M,API,FALSE,114
NON-FATAL SHOOTING,30 - 39,M,WHI,FALSE,65
AGGRAVATED ASSAULT,50 - 59,F,WHI,FALSE,77
CRIMINAL SEXUAL ASSAULT,40 - 49,M,BLK,FALSE,21
NON-FATAL SHOOTING,50 - 59,M,WHI,FALSE,18
AGGRAVATED ASSAULT,70 - 79,M,BLK,TRUE,28
AGGRAVATED ASSAULT,70 - 79,F,WHI,FALSE,12
AGGRAVATED BATTERY,30 - 39,F,API,TRUE,13
CRIMINAL SEXUAL ASSAULT,50 - 59,F,WWH,FALSE,32
ROBBERY,50 - 59,F,WBH,FALSE,10
ROBBERY,0 - 19,F,WWH,FALSE,126
VEHICULAR HIJACKING,30 - 39,M,WBH,FALSE,11
AGGRAVATED BATTERY,20 - 29,M,WWH,TRUE,206
AGGRAVATED BATTERY,0 - 19,F,WWH,TRUE,61
AGGRAVATED BATTERY,40 - 49,M,U,FALSE,17
AGGRAVATED ASSAULT,40 - 49,M,API,FALSE,70
AGGRAVATED ASSAULT,40 - 49,F,WWH,TRUE,143
CRIMINAL SEXUAL ASSAULT,30 - 39,F,WWH,FALSE,153
AGGRAVATED BATTERY,,F,BLK,FALSE,7
AGGRAVATED BATTERY,40 - 49,M,API,FALSE,38
CRIMINAL SEXUAL ASSAULT,0 - 19,F,API,FALSE,10
AGGRAVATED ASSAULT,0 - 19,F,WWH,FALSE,53
VEHICULAR HIJACKING,50 - 59,M,API,FALSE,29
AGGRAVATED ASSAULT,30 - 39,F,U,TRUE,5
ROBBERY,,M,BLK,FALSE,25
VEHICULAR HIJACKING,20 - 29,M,WHI,FALSE,160
VEHICULAR HIJACKING,0 - 19,M,WWH,FALSE,31
CRIMINAL SEXUAL ASSAULT,20 - 29,F,WHI,TRUE,75
AGGRAVATED BATTERY,60 - 69,M,WWH,TRUE,33
AGGRAVATED BATTERY,60 - 69,M,BLK,TRUE,298
NON-FATAL SHOOTING,40 - 49,F,WWH,FALSE,19
AGGRAVATED BATTERY,0 - 19,M,WHI,FALSE,51
ROBBERY,40 - 49,F,WHI,FALSE,336
ROBBERY,60 - 69,M,WWH,FALSE,350
CRIMINAL SEXUAL ASSAULT,0 - 19,F,BLK,FALSE,848
AGGRAVATED BATTERY,30 - 39,F,WWH,TRUE,297
VEHICULAR HIJACKING,60 - 69,F,WHI,FALSE,25
ROBBERY,70 - 79,M,WWH,FALSE,109
AGGRAVATED BATTERY,60 - 69,F,BLK,FALSE,174
AGGRAVATED ASSAULT,0 - 19,X,U,FALSE,14
ROBBERY,0 - 19,F,API,FALSE,15
AGGRAVATED ASSAULT,50 - 59,M,WHI,FALSE,331
AGGRAVATED ASSAULT,40 - 49,M,WBH,FALSE,21
ROBBERY,80+,M,WWH,FALSE,22
ROBBERY,60 - 69,M,WHI,FALSE,362
ROBBERY,70 - 79,M,BLK,FALSE,259
AGGRAVATED ASSAULT,0 - 19,F,BLK,FALSE,150
AGGRAVATED BATTERY,50 - 59,M,WHI,TRUE,60
AGGRAVATED ASSAULT,30 - 39,F,WWH,TRUE,233
AGGRAVATED BATTERY,40 - 49,M,WWH,FALSE,434
CRIMINAL SEXUAL ASSAULT,30 - 39,M,WHI,FALSE,34
AGGRAVATED BATTERY,40 - 49,F,WWH,FALSE,98
AGGRAVATED ASSAULT,,M,WHI,FALSE,55
AGGRAVATED ASSAULT,0 - 19,F,BLK,FALSE,572
AGGRAVATED ASSAULT,,F,BLK,FALSE,14
CRIMINAL SEXUAL ASSAULT,80+,F,BLK,FALSE,18
CRIMINAL SEXUAL ASSAULT,20 - 29,F,WHI,FALSE,673
AGGRAVATED ASSAULT,20 - 29,M,U,FALSE,71
AGGRAVATED ASSAULT,0 - 19,F,WWH,FALSE,72
